PetID,AdoptionScore
e02abc8a3,0.183
a3787f15e,0.347
0113cedff,0.168
0070b950a,0.207
cbe2df167,0.323
37a0b72a4,0.51
669695dd6,0.502
be85036be,0.267
c2bbbdde2,0.579
6a968e033,0.107
3107d0aa7,0.516
9e11f1974,0.536
14bc519cd,0.449
cee2cdc6b,0.129
12799a2af,0.51
34af29aab,0.207
5bd1a9042,0.501
04d1a03dc,0.239
cdac529a3,0.482
6b593bbe2,0.159
9992b9fce,0.292
8c03c9a3b,0.288
1aafa4a3a,0.365
a1267e7b0,0.426
937ff0f91,0.397
3642a8eea,0.43
154acf309,0.153
dd5dc51dc,0.108
5890ff277,0.389
28d7742b7,0.55
971c5506a,0.16
0eb9916ad,0.143
0a6d1c439,0.387
ee315cace,0.151
304ad649d,0.179
c213ae0ea,0.143
9b28cb68c,0.175
cfb8bc1d4,0.371
c7dff16c4,0.097
66d9bc1e2,0.154
580439dd0,0.283
6ddb11a41,0.393
5cecb38b1,0.215
c461e24e2,0.147
c5961f8fa,0.125
914aeca86,0.168
e15abf53d,0.206
5c06f5626,0.14
fe26e0eeb,0.174
7e60a46d3,0.124
047968852,0.129
1b7db58bc,0.207
a3fdcb1b0,0.188
df789ba1a,0.447
55b35e1c7,0.264
46caeb331,0.15
a0b33c8c9,0.097
ac1d15904,0.105
f7f55e46f,0.125
947a55b73,0.164
c662f2d43,0.184
31a3eb0cb,0.236
1c2d09fb9,0.159
0d747dd7f,0.561
a1953e700,0.109
62176b313,0.284
b08bccfc9,0.157
c31668c91,0.089
f4f92a25f,0.157
e8c1b9f65,0.087
2c8e2587f,0.129
3729a07c8,0.295
1d8cd3f86,0.137
1453baee9,0.234
ef55aaa19,0.454
500c81255,0.143
2956452a9,0.116
8e7b5a548,0.587
3832b9d6c,0.16
f1d472e56,0.115
6888b8513,0.133
eef9bca7e,0.493
cdf463b44,0.109
f96a4bb28,0.161
9b2999d19,0.166
aac9b4c12,0.125
f51c7e461,0.13
6c5a9d5de,0.367
e83179a24,0.12
f6d983ac0,0.128
0afb94478,0.398
21d253ed7,0.119
3f6323ed1,0.225
4545f6eee,0.114
7c5f67ff2,0.151
e50e19813,0.48
08b8613d0,0.13
31c5d0f2a,0.141
d08620b12,0.131
0b3355ca8,0.154
ca9598602,0.212
23bbe3e02,0.118
e28d2d205,0.149
014fe943c,0.187
e0deab631,0.273
bb560d19a,0.148
e56bd965f,0.312
2795e5bd5,0.462
32ae6aa25,0.487
8e48bdc22,0.208
fa8a27964,0.222
b5a09eebd,0.235
bd6f11942,0.548
c44459d46,0.142
4c54b3ef7,0.505
96d59b19a,0.204
69f6c908f,0.175
373019036,0.191
e76211748,0.141
9dc583f86,0.149
18e67368c,0.152
8063f9e16,0.105
f69e00e28,0.112
8c3507d46,0.447
de9dafa39,0.133
c91e69ba7,0.422
1d8476c11,0.14
eaf6a588a,0.144
0e3d46c94,0.287
d1774293d,0.245
637230592,0.297
a61df4757,0.129
6e1a75dc5,0.3
9b4105f8f,0.548
4ec6b09da,0.553
471d0c9dd,0.648
71e9d6fa4,0.424
f16e1677c,0.437
07e87a2c7,0.163
9aba4c393,0.361
14b8e9529,0.422
e15c2a67a,0.38
84639e201,0.19
14fbe0540,0.427
172bfcaa8,0.316
e7e675fa7,0.168
65eb85bf7,0.493
0250f1cc7,0.224
7bc927c30,0.203
fb614a50e,0.451
98b82b51c,0.412
de331ffb3,0.511
e497c67d6,0.339
da89366b3,0.178
5cd6399ca,0.506
1ccd6155a,0.305
b8e26e762,0.375
504026b8a,0.17
bfd82911e,0.315
2d8a1f072,0.168
8887757b9,0.401
4bb92c19d,0.285
204d83208,0.352
0b41e22a9,0.503
5ba74447c,0.105
722bd62ab,0.218
1132dae5c,0.491
1566339cf,0.473
a05ce2c83,0.209
5512829dd,0.313
f2c01e904,0.183
ec366f165,0.561
8826983cf,0.621
4e95b9d16,0.305
079560a12,0.458
7f3da34ba,0.315
4b85f7c5c,0.101
87a216b2b,0.41
6461be29a,0.4
c1481c095,0.485
6af7d8b8b,0.474
f0c00625c,0.107
97703b6d0,0.271
da8e80e41,0.311
9514871e4,0.201
96cfd3d1f,0.329
a30b2e4f7,0.228
3f38eb232,0.28
32069d5ed,0.52
afbee187b,0.447
9ad33b24e,0.359
13e5b9517,0.62
9f1e8073c,0.402
1abdb8207,0.383
dd85fcf23,0.484
ef20ce351,0.38
887e6178a,0.48
bd07519f2,0.511
68e42af5f,0.312
0295cd746,0.41
844bfaeb5,0.603
f21f489ec,0.373
34a0f5496,0.387
6082976d9,0.231
1935fa2e8,0.399
995bdb719,0.455
82e5205d1,0.194
55f25c755,0.233
8c962cbe0,0.321
676ef5349,0.469
50cb04378,0.607
1b2bdd583,0.376
52ebfd168,0.437
72a8e2213,0.358
c4d968a5d,0.155
6e8f7ec92,0.421
cba6451f0,0.136
6d857b65c,0.458
fc9c9edf8,0.289
497d2eb58,0.414
a286d120a,0.523
ba0d4c4fb,0.366
0df1c58ba,0.373
811abf0e0,0.372
c35a12385,0.323
52fb50d92,0.387
4d51be887,0.414
bd0255211,0.582
f27f624e3,0.527
47f9b4bf3,0.433
0c856b2dd,0.358
a9c3a72ee,0.508
7fddb9b80,0.485
5c9538ed0,0.408
10eae033c,0.462
eb2aaaae6,0.295
737ba8ad7,0.503
1fce75ac3,0.487
8823d7a46,0.484
517eca23e,0.448
6fd93dc00,0.49
03479e092,0.458
9bd8e6974,0.399
3d99480ff,0.414
e17b48e09,0.225
59b2ad256,0.472
8560356c5,0.375
6511c10d3,0.424
959f50690,0.488
2af7bc4c7,0.404
ecb751c16,0.56
48436b927,0.37
764857076,0.248
251509be3,0.256
74ee32f9b,0.391
232d7c519,0.47
9df90f436,0.375
ccfdbafc3,0.504
9286e9c1d,0.402
227423495,0.524
b86e59039,0.406
e5a69080b,0.046
fc38139ea,0.431
311aa9d5d,0.385
cb3c9f878,0.405
5069fa551,0.46
292dcff42,0.353
8ef239128,0.487
7779b0057,0.55
1795c9024,0.35
99f30d086,0.55
d9dadd17c,0.484
c44b30646,0.602
bd9065dcd,0.348
532528586,0.394
a31c7353f,0.614
d70db908a,0.203
22cbeef54,0.366
903f2e808,0.406
df9919d57,0.278
71e62fadc,0.356
c5442fb6f,0.236
33ae1e49e,0.376
4d773b0fb,0.503
5ade7c4d8,0.345
481b0851d,0.331
bb72efc6a,0.435
bccf9b55b,0.458
1f5d38f4c,0.344
44beec498,0.513
eb6910f75,0.397
d2078768f,0.405
d8a8e989b,0.394
7a9aeddda,0.42
20a2b69ce,0.247
8e7185005,0.197
d78f74185,0.062
e08dc0041,0.187
129d5e7c5,0.358
13c54b641,0.345
732c7f56f,0.401
c221eaa7b,0.601
b84749ea6,0.501
9842fa6c7,0.228
5ee37d9f9,0.353
5dad884c7,0.506
16150272f,0.398
c264fa6a2,0.48
80723bbaf,0.476
5fa45f41c,0.634
16a158ad3,0.456
c5f9d0cba,0.284
9e27cd358,0.501
ad837a833,0.391
7db69545e,0.499
0f09650a4,0.388
95465de9e,0.463
01f3fa628,0.357
f86e108a0,0.378
44ef2b7d3,0.474
b87e49114,0.227
1d7c375c5,0.513
dd0a51b66,0.351
16743d12a,0.406
085b338c2,0.047
6609302ac,0.217
5647f2611,0.212
4deae07ae,0.507
0dccf3794,0.283
d6a3869de,0.48
c7ee7af0e,0.492
e501b45de,0.458
2181ba8e1,0.394
9c064fb33,0.48
01fec620e,0.332
8bf21c4a1,0.183
4d7d5c614,0.434
99b90a3b3,0.345
1d6e895fc,0.437
cda90187b,0.498
66d73b03c,0.167
9f633e2c4,0.444
51c34dc3b,0.494
6088aec72,0.447
e843444c2,0.387
eb641b14b,0.414
77865b3cc,0.241
8acc9f190,0.471
2e4ea20fd,0.36
0a5a7452a,0.416
4be3e7257,0.449
f0cd5916a,0.419
86d7bcf81,0.405
4b497d443,0.27
92ea77095,0.356
1f85c9142,0.304
1d939c264,0.319
ba2f87264,0.374
fe42c1ee7,0.494
8bfeccb9d,0.211
5fee60b0c,0.497
8f8273719,0.313
35c11e02d,0.508
ecc2c95f7,0.477
2fbe9c637,0.477
56ccfe80c,0.37
5b52fa500,0.42
ce1882ef2,0.438
83ed707f0,0.427
9dbe39a2d,0.64
5e797053c,0.368
bf41df11c,0.317
b4aee9257,0.312
78760a8a2,0.528
ec7ed0e13,0.321
e5fdf769e,0.503
ebfb9fea7,0.412
13ae52084,0.246
9dbd4133b,0.318
dce26b7b8,0.39
042f37990,0.245
f8f190e6e,0.572
81d10dff7,0.395
a4effe02b,0.281
e4b7bdf8b,0.211
1445bdbeb,0.555
f3f6e8a8a,0.467
d8786ffae,0.492
2cd415bfd,0.52
e3b178375,0.273
576e56888,0.571
addb89bf3,0.298
fc636b29c,0.491
882fcef2e,0.274
eb4b22ab2,0.259
f291aa558,0.436
eda2f0546,0.366
f743529bf,0.437
1c092fe4e,0.417
f07fcb84d,0.428
f08707752,0.292
1a40a0305,0.403
6c66cf586,0.649
799aef9ef,0.443
61e2d2fc2,0.478
cebe05231,0.387
07a0984c4,0.391
c8276fba5,0.431
dcf813733,0.578
cca0740ef,0.513
0f424a52d,0.377
b8dfa7a47,0.494
92ca222e5,0.47
08c70b57d,0.224
4de39cb54,0.575
92dd467d9,0.382
982db62b6,0.448
afb913f6d,0.546
cad4a3a31,0.569
f2cd120ab,0.299
c873e4764,0.353
e961931e3,0.182
0af1a53b6,0.458
b3957e642,0.307
be5fc85a5,0.48
4c28abf85,0.141
c09373a4f,0.33
9a7b511a7,0.246
3786458ed,0.113
ca52e1c97,0.523
955d418d3,0.445
a354bdd09,0.499
8bff54050,0.538
35c1dc094,0.268
9c5a95ceb,0.467
0c40ab830,0.561
877753199,0.287
812e0e887,0.473
78e5125b3,0.488
7896b6567,0.492
2ef709d8e,0.435
f1c935c58,0.407
4b8fb2af1,0.379
a23b4743a,0.121
40c5c27c1,0.517
1a4c4f02e,0.552
3d99d8f35,0.302
b7c2941ea,0.448
52b43d86d,0.561
9691d0696,0.513
7ed043c8c,0.443
8468b39ab,0.244
fda872629,0.184
523dc32f9,0.541
4c7d71274,0.304
03f4f8cd4,0.595
d6d6ba591,0.515
4ff3e18fa,0.513
369699c07,0.333
1a4cfc889,0.328
1d5dc55e8,0.386
1e6b4714e,0.521
b04939e6f,0.528
907ace0a0,0.285
d430c36e1,0.386
8a2932ddf,0.387
d082bbd5d,0.332
d459a5053,0.491
4a657fb0e,0.482
ad0eb6657,0.242
f6bbd922d,0.489
371626c53,0.201
3f8aa8d5b,0.387
b88cb23c9,0.157
35ef6b921,0.402
1085ab51c,0.371
87ba49379,0.442
69cfd4b85,0.449
1e0947834,0.196
f8ae8d2c0,0.155
de69b768b,0.372
0f527688e,0.459
391eea56f,0.278
67ea55552,0.516
1f9145dd3,0.423
56dbb28b5,0.307
b21940173,0.471
0dc6e0168,0.421
ea266a278,0.499
0c3931980,0.226
8c548d660,0.2
2ebcda97f,0.263
b7e1659de,0.116
87a50e77d,0.213
41f348cf1,0.278
c71417d92,0.248
12bb39139,0.126
57aee22bf,0.117
7a61c43ef,0.137
2c50f2ae3,0.254
4b0b00959,0.087
dcff18df1,0.24
a667d1bbb,0.391
42b402284,0.124
a5adf305c,0.154
98d084003,0.136
f1fb7e5fe,0.162
22c8aac39,0.23
025e61a40,0.135
494ab93cc,0.185
b6bea8bfe,0.31
3c689f6cc,0.174
85158c3b1,0.377
22dc5fc68,0.346
0fcaf7215,0.085
467d8e74c,0.334
bbfab0b9f,0.208
d642372a4,0.274
b8b375e67,0.441
dd0fb7271,0.154
39cf4158d,0.251
2343e3a62,0.29
af7305535,0.198
001630d8d,0.091
15c037834,0.419
5f6d296e4,0.512
9a3da1ca4,0.43
4e6c1a4e1,0.417
6f0d79640,0.332
ececd5690,0.303
fcd6da627,0.653
3cf6c3f7a,0.623
ee0d0e8c1,0.567
0628b2de1,0.43
7697a56cf,0.359
84d54073f,0.233
f813f8b0d,0.195
d3281a835,0.216
1c9ebe123,0.451
d668fec83,0.191
d12de8e93,0.347
e62db9ae4,0.36
cdcbb890e,0.432
ae6216284,0.368
eeba2f1e4,0.326
1225aa471,0.109
cc0ab2eec,0.19
e88dcfd7e,0.264
da2f83c72,0.398
1d6fb6261,0.458
c9789834f,0.545
190168aca,0.451
eb22b1069,0.155
a119e922e,0.539
d105b5fa2,0.408
6740d622b,0.552
5010854b4,0.465
b84d879fb,0.38
1c530eba7,0.243
58a532867,0.345
b5dc10a2d,0.45
8c2d50007,0.369
1895ac98d,0.346
c80b03d1e,0.452
9db54acbf,0.459
67b60d933,0.555
4552c1c77,0.289
351ed51ce,0.571
1e585e43a,0.315
7b9878695,0.311
4a2609b66,0.453
a51550043,0.39
71d8361e2,0.438
b539b0be9,0.419
e320369ac,0.525
faa9c415f,0.369
ae0d70596,0.493
6ef7dd43d,0.522
e44c42b35,0.196
6abfab9db,0.345
af3c47437,0.43
24b980767,0.404
0cd556ba0,0.459
96dcb6951,0.493
5fa324ba3,0.45
3f561feb4,0.488
e9de71224,0.331
a9f6b9ee8,0.359
7b72df3aa,0.584
901fcfac3,0.409
7e011ae52,0.418
9d87fdb46,0.546
c70e8d6c5,0.443
d0dfb0776,0.584
72f3b5d63,0.424
b0d4fc10d,0.489
759c23248,0.452
c526a03af,0.42
069fc697a,0.315
a059a19d9,0.423
9c562ce4d,0.366
df70d6cf9,0.379
5434c6366,0.145
e470cda67,0.292
350e451f6,0.143
be980a877,0.167
75b88f89e,0.207
5cf6552e0,0.146
3714f5809,0.116
87b9bbe12,0.198
ae4f49a8a,0.282
34085101a,0.286
21d7f07ba,0.495
7406e63fa,0.229
ed65175ea,0.37
c051a5093,0.508
593190956,0.191
20df3a4a0,0.258
bcf6142d9,0.2
6864737de,0.365
6bae50ba6,0.19
7b29ccf88,0.212
28f83093f,0.63
edab0a383,0.346
f9a3f1bbc,0.264
26029d8a7,0.268
9ef159820,0.134
c98b7799e,0.256
f054d3aae,0.367
143e72e61,0.159
36abc63b4,0.529
267afbb7b,0.26
8c6097ba3,0.249
1baa0fdd5,0.13
f6b57955c,0.253
fd4bb8e65,0.406
e737de21f,0.216
a6d522e08,0.498
1cef6322b,0.343
4d5070ea7,0.207
68a8912ea,0.191
de909c0f5,0.594
e92550715,0.346
177bb2650,0.321
62262f6f5,0.453
235da65ee,0.322
6c8483b25,0.213
b61e36f59,0.255
ee2708165,0.24
8157ff31e,0.243
a961cce13,0.128
acef8980d,0.399
8136dbdd8,0.213
f82bd0b2e,0.41
200dca296,0.22
9e558930d,0.141
a6bbfd052,0.214
8876c6029,0.267
37109bfb3,0.258
551b6d230,0.355
edbdaa06d,0.434
01d2db31d,0.404
c0474f1e1,0.597
224a0d4d5,0.228
335833a1c,0.39
1a501dabb,0.383
a8073348d,0.177
5b75ce952,0.372
7564480f1,0.438
df99a85f8,0.253
31585ac3b,0.51
1e5eb7a60,0.295
1409bb4e1,0.339
e9a5ab1c8,0.441
2e5f614d0,0.205
ac29bdcf9,0.167
795dace51,0.368
b51495461,0.286
fc64d129f,0.425
9f884a1b8,0.145
ff4c4e629,0.111
46467282e,0.342
853dcfe06,0.356
80a105c70,0.287
d2825f6cb,0.112
a4dc73c81,0.363
19287db4e,0.216
bc4fe149e,0.165
9c8648bad,0.175
f335d044b,0.189
9ebf4102d,0.309
a2d9b253e,0.178
78a2e8466,0.13
5dbefce1c,0.213
46d252bb6,0.265
e330fbf7d,0.285
2fa0b94b0,0.226
4460bf715,0.352
3d48aa182,0.212
888b894bd,0.357
f00ab93ab,0.338
bd6052741,0.266
73e4143d9,0.282
f2ccaeca8,0.225
b6e731b17,0.174
9f16ef04b,0.175
915d801c0,0.327
5d2fa2bf8,0.212
81c2939d8,0.154
f171dd578,0.243
c52442262,0.437
bd7608352,0.269
024c4d4d3,0.162
701f63c6f,0.206
55766fa03,0.151
58171dcea,0.173
1688063e6,0.17
31ac5b931,0.165
b400bc4df,0.44
1eaab2f11,0.193
4438cf71d,0.165
062e0879d,0.355
3d88d5a3c,0.203
49818a45d,0.465
ec51bda06,0.565
0d385de8a,0.59
17a421360,0.487
206904438,0.359
19b089699,0.588
b0e0da17e,0.57
3adab4936,0.468
a4d843b2b,0.643
762a055f1,0.553
824c7a6b7,0.5
0515f0b27,0.495
3900bb627,0.343
a2940580a,0.532
3841f6c5a,0.629
27df3e732,0.508
e99c85080,0.414
bd9235cb8,0.545
f0542fb45,0.53
1960fb489,0.157
03824a75f,0.506
45c153a10,0.478
22dedc727,0.534
de205986a,0.557
b34c078da,0.474
104e76f10,0.511
02d7ad0a1,0.394
c12dca23a,0.501
bac813f44,0.126
60f333c67,0.341
c7e34b4dc,0.182
1399f6543,0.151
e995c2892,0.276
1c7095c4e,0.299
d7727f144,0.435
c30646460,0.379
048d58d8b,0.445
8732c3dbc,0.372
fa7d7d26d,0.141
bb3b78edb,0.313
f6d9876eb,0.148
31c0b58ef,0.298
c28db8ac6,0.435
9d7aa5cb3,0.365
7ae8ae584,0.447
23c260cc9,0.18
95fe9b7a7,0.16
d2683ea3f,0.215
17cfedd4e,0.238
2e1f9f3d9,0.376
34da5ee02,0.156
3b193942d,0.152
b1bda52c2,0.171
d95fc099f,0.465
6f9ef4d82,0.18
e4e6cd845,0.475
6c5a5a3d7,0.502
96950330f,0.322
c1a57ec16,0.365
addba8d56,0.366
a11e54f2d,0.427
d9795e054,0.228
e3c8e16b9,0.143
f665d8254,0.244
8ffa89a0a,0.371
200adb8e0,0.111
9c23894d6,0.228
d8e391c56,0.197
dfd984e52,0.389
f9a88940b,0.179
61c44ad0f,0.188
73e1d11ce,0.27
b7f8c5bb2,0.328
c58defc4a,0.448
d76af589f,0.139
b77df50a9,0.126
028875e32,0.313
072ff63f9,0.189
5c679b8fb,0.32
32c1350c6,0.12
6b357800a,0.12
31ffd3e84,0.351
882ba2073,0.246
2a259a53d,0.203
711f68f74,0.151
b404dff05,0.369
2f4b49497,0.351
ff355a086,0.309
1a3ebafb4,0.359
5d47e7e18,0.294
ff4aa9196,0.261
c0748d15e,0.462
4807aa491,0.325
7bdefbd4c,0.532
2b25c7619,0.384
7c27adebd,0.449
808fa6136,0.505
d2fc112d9,0.341
df2daaa1c,0.284
05998be3a,0.434
04c83fbb8,0.456
000aa306a,0.101
f21bc3d39,0.422
9e10cf52c,0.468
0de7b2448,0.343
607b798b7,0.55
794a46eaa,0.29
36b503dd7,0.266
08d9dbef5,0.25
5dde2e545,0.403
a9475624a,0.226
20da7c72d,0.385
8bc2dbdea,0.378
7e22ce045,0.208
568c22443,0.365
ea1ed2dbd,0.244
dfaa707f9,0.206
1521842ae,0.246
793f7eaa1,0.208
0b10de1b6,0.256
5e5b97e53,0.297
d8537a794,0.354
b69f11e6c,0.322
bd45d4a4d,0.235
c9905105f,0.518
c19608fe8,0.366
dd3b2729b,0.203
9caf932e7,0.195
6ee2a9856,0.17
46ef56bd9,0.333
65ff9aae7,0.293
c547dcf69,0.309
2c7f82441,0.212
7fdc9a1e9,0.338
718e24579,0.213
4fb5245f0,0.052
0f96a24d2,0.176
f413def4a,0.218
56e607497,0.229
009a75a42,0.29
e31a44817,0.638
48ab74343,0.29
46f4bbf72,0.418
0e5c79590,0.364
ca5fa4db1,0.392
7f1e6293a,0.346
376bb3871,0.44
eb0494413,0.445
743e5e95d,0.281
c550dc5ee,0.288
48526e8db,0.441
4866e0afb,0.246
e64c64329,0.401
1f9388681,0.381
313a56b49,0.441
f5b3cd992,0.289
4b33f0203,0.18
d4ec801b4,0.253
b1ff76558,0.149
e20c64b3c,0.416
4b7362fc4,0.554
2a3c60549,0.387
4fa7555cb,0.532
373c6936f,0.482
93ba35d85,0.439
00d26f809,0.401
7eef28bab,0.37
af2a1db8e,0.298
3928063df,0.403
255556532,0.259
202a57eaa,0.342
9e70455c3,0.41
70654efef,0.318
a62eeb265,0.404
60cd5f3ed,0.313
1aee8a1a2,0.295
d836f5d99,0.365
16012e77c,0.523
e26c08ffd,0.52
34787edc0,0.304
5428dc24a,0.373
feb182c1d,0.134
37ea615ca,0.244
b38262fe5,0.577
47ee11b6e,0.386
0d4cb6f3e,0.448
eb2c6fe8f,0.407
1aed4a8fc,0.481
f92094add,0.084
8731686e1,0.452
a840384b5,0.412
0a3024b5d,0.233
daccafe15,0.467
9d9972150,0.451
802f8a1f9,0.394
e080acd98,0.375
7e85dca17,0.153
d127877cc,0.157
fd9f0890f,0.121
e032886c6,0.041
851307ad7,0.409
9a85e116d,0.15
ab509472d,0.128
9407fc3aa,0.196
4fe9853d4,0.047
e8546acbc,0.181
9c3f4b853,0.168
c74faacc8,0.261
b4e07570d,0.215
588f9a4fe,0.117
9c4ce554b,0.068
467cb797f,0.089
ffff62841,0.091
167fc9e74,0.178
4003885c2,0.072
d22d6ab8d,0.143
55cf77eb8,0.231
f340a9b21,0.102
0c31f782e,0.464
48d132969,0.26
292ff8e76,0.194
aefc3462f,0.558
58c7cd785,0.083
237ac6911,0.248
e19c1710b,0.429
a2c642a9e,0.619
d3c26eca0,0.277
2b721e67b,0.488
93f3f763b,0.485
e5154499d,0.419
4caaed61c,0.296
f5266620d,0.334
32c2d5e35,0.467
db4b370d5,0.478
866333fc1,0.43
f301659ec,0.437
aa53670fe,0.245
63d3ad497,0.339
ee7acb89a,0.152
787f37a69,0.414
d976e5305,0.439
b760d449b,0.378
6ffc00d88,0.59
e202e95ab,0.208
963cece93,0.48
7ce683940,0.491
32c57e5f5,0.226
fe4721f91,0.41
7a6df600a,0.422
4a6c180dd,0.376
2d9806c8e,0.13
4f2eb42f8,0.203
218272984,0.384
23d9401a5,0.479
a98eaa477,0.438
6b8c7d6d8,0.215
33854e4f1,0.287
db62115f9,0.209
5c045d946,0.1
b7638e54e,0.305
040ae13b2,0.498
f150ecb1c,0.367
7f1da4d1a,0.161
418a12fa7,0.129
1bc38ee4a,0.381
ba71dd24f,0.311
518bc54a2,0.241
af2f28e05,0.25
3f1782222,0.491
4fbd3d03f,0.485
a95fd104e,0.271
9def25129,0.37
46786d2fd,0.318
9ae1dec53,0.442
4266fca0b,0.18
fbcedbe37,0.43
4e3844f13,0.402
62d8f4307,0.385
8fbb8a8d7,0.543
23068f628,0.398
5737b3d5c,0.354
b672871a3,0.532
4831f2809,0.458
3f9caee13,0.501
a7eb70d8c,0.371
fb5c27aa4,0.292
7a7c3efd8,0.328
eb42d25c7,0.326
504418f50,0.317
b19db199c,0.377
505f1bb19,0.329
3576a82c4,0.442
8876989c6,0.516
c24b2568f,0.448
2f733eefa,0.273
0b04d7007,0.447
6a9a67994,0.431
4221c8c6b,0.405
80c6b4372,0.464
74bcb0064,0.425
703e4f919,0.516
99a11f09d,0.444
34e7e8d15,0.48
43fb5e064,0.451
780d7ea9d,0.403
8d37372d5,0.401
861fe5bc1,0.274
bac2aba96,0.415
a10b1a956,0.142
878e0f6e1,0.509
d78ab2002,0.244
e7ef7ee2f,0.425
f3bc9fe58,0.484
cf66790e6,0.144
842a5ff9e,0.501
0f3bd41d8,0.542
b88e582cb,0.262
6c1a85d24,0.428
a5f970235,0.251
c2e3cc243,0.551
585178d96,0.554
605c3a89a,0.254
737be5779,0.129
b77049a0c,0.519
7e6a6e420,0.295
60efb737c,0.195
e3148297a,0.404
88b14d096,0.44
cc99037d5,0.427
41903e7a6,0.407
28382cd87,0.434
4ae4bbaf4,0.511
207f52180,0.515
eb0c22076,0.538
126f57f7d,0.28
9527b6aa8,0.35
ce2b4b2f1,0.38
7b452d8c0,0.388
c60e5bc02,0.403
d08954f90,0.18
465396b94,0.386
3569791d9,0.407
e9340f1b3,0.38
2b8d20df4,0.445
573ea4dc7,0.426
9fbc9bcf2,0.245
0c3fcebaf,0.348
040ca87c8,0.253
5b542bb84,0.445
a2c811cb2,0.289
e29e29b9e,0.267
29df9d5ac,0.432
a2190b4f0,0.311
6ea048760,0.529
bb5c08008,0.599
f6cba11fe,0.407
303e333f7,0.553
76483e4b0,0.314
7890c12cb,0.353
bacac1eef,0.529
4e26f6237,0.308
bda2ad65c,0.491
f4d8100fe,0.142
e954193d6,0.274
843d2449a,0.272
f5167c5cc,0.564
f853bef27,0.392
5be4837b0,0.385
c3ea8bc20,0.485
51fe5fa60,0.157
124db33ab,0.003
55509b6df,0.191
9b48157a5,0.6
afe87b777,0.446
6a35cfa07,0.476
83ece1343,0.484
bf871912e,0.438
05ddc6538,0.461
bdf237438,0.438
f7e4f48af,0.226
77f62bac4,0.41
f65161b87,0.314
b328145d4,0.198
8b9a3b3eb,0.463
df41906e1,0.198
ff507d1b5,0.17
9954f4a4a,0.156
d363416c4,0.43
1682100d2,0.343
7d6a74b12,0.167
6291b09f4,0.327
4a55c9f03,0.147
7026016ea,0.485
a816831fb,0.174
315554711,0.222
0b09945d6,0.205
603a1c912,0.167
3b40e328b,0.187
4680a5e9f,0.352
500f826ac,0.374
4f37ae2e0,0.568
b33f4d649,0.359
716b825d5,0.501
dff5e33bb,0.263
9d91e1913,0.282
6c0806da7,0.183
db4b6db80,0.459
65cfd221c,0.216
7fa5e9cd8,0.524
6cd3db96a,0.384
e13ee3b41,0.213
ce698dc75,0.523
2efc513ab,0.448
56252863e,0.195
65ee84779,0.382
3d520f47c,0.573
adbad85c3,0.347
c5691c397,0.425
5229f814a,0.218
36e05d7e4,0.287
31db73165,0.301
87edf67f4,0.479
4da75edf5,0.448
ffa1dc3cf,0.271
c8d822dde,0.452
dcb9727c3,0.456
1b433696a,0.3
c15e533c5,0.592
9886b3011,0.425
18eaac448,0.32
a5472a418,0.404
be8e347e5,0.429
9a053a28f,0.605
b4db93077,0.455
8b8155bec,0.224
c93ee4f66,0.357
48f4ff0ef,0.376
7f6bf9b5a,0.3
6b82525ce,0.196
39863c304,0.3
c29d4becf,0.642
29d274de2,0.166
7cc63ee97,0.423
9ac984116,0.263
de3afc8c0,0.4
d0a658844,0.487
2a2039d2a,0.194
bc07b7683,0.28
786ebc385,0.284
ba1e5e099,0.291
e9a179861,0.121
2756d496e,0.407
d17bcb899,0.663
4fd559a2f,0.214
a30f7b5a3,0.272
1632e7230,0.218
ea4e9430a,0.368
a5c9b03db,0.392
b9f4e5bac,0.256
242d5e1eb,0.316
f497fc3ee,0.154
9e8df77a2,0.251
63211a72e,0.2
e890afe89,0.22
1c70f3cbf,0.067
e94fc42b3,0.187
bb3aaaa28,0.334
80f9cc7b9,0.22
8e0417ae4,0.417
56b369184,0.398
a35769d72,0.334
53b8c2783,0.403
2dad67021,0.426
c3aa2d26a,0.195
cfceabf43,0.375
4e8b3b9e4,0.231
dad80317b,0.298
99b85cad7,0.081
f9f3f2a53,0.256
fa296a502,0.237
4573fd907,0.14
ec84f5484,0.121
35f109a16,0.288
697ac704a,0.207
5bf4b8517,0.485
45d3bb4de,0.237
9b9253143,0.454
14fdac058,0.43
b51b87f2e,0.491
62b173b40,0.09
8b652b2ee,0.241
b1d3cf596,0.442
31274e975,0.439
f22f7c3dc,0.129
3715b8520,0.126
d9e32c5b5,0.273
6ecf2e425,0.495
adaed145f,0.251
1982f429a,0.492
93025fb47,0.57
f1684b031,0.491
3c8d45ee4,0.351
25494f3ee,0.308
603b290d1,0.244
c41480e41,0.233
875f86881,0.488
f9751a647,0.472
14318f1d4,0.417
b5cc601a6,0.399
d4238a1ce,0.268
4731ea7f3,0.359
18190bb81,0.251
17aa39b06,0.336
d2cee940b,0.358
87735706f,0.108
bd5be777a,0.257
9c4a7d80a,0.129
de7e5bada,0.569
914472e36,0.451
678407b44,0.39
57339fe88,0.289
f4fd4fdd3,0.241
4a4e7ebb6,0.057
511fb9ab2,0.223
ab63d5cc6,0.138
8d05be710,0.28
f4c08114c,0.301
dd3bb8402,0.342
7707cbac7,0.173
2901b64bb,0.47
0c66a7d25,0.1
37f0dfa26,0.242
191a846d5,0.27
4ff2e9730,0.214
98ed9710d,0.229
b0e247ebe,0.159
f24323918,0.364
adbd24c05,0.377
548bbce9b,0.39
3010f15fe,0.209
0898cb007,0.638
72451f95d,0.43
3055c8a82,0.212
2a37907b6,0.495
c524f550b,0.268
27be7deb3,0.317
03c52200b,0.45
b6e49c7ce,0.3
8f7306831,0.162
faf21cc3d,0.493
533c05f87,0.498
be4ef3c57,0.231
af1cee99a,0.536
a775bc2b4,0.169
1c97472bb,0.275
548037e61,0.2
0360b90f2,0.276
4ea269d81,0.287
77e943917,0.361
3d7557ee6,0.216
30362bb8a,0.373
9772a73ec,0.43
4361fe188,0.08
f8a000a3a,0.274
db29388b1,0.444
4eee2c9ae,0.426
86e79ed73,0.439
b5bc49843,0.307
c6038f029,0.353
c20c85f84,0.518
dd87c7291,0.364
0ae993d50,0.175
a5c63cbc0,0.247
5e898adfe,0.445
5d1399b63,0.422
2bab8aa73,0.167
aee9c6257,0.448
4aa138801,0.446
83fdcc59a,0.42
5aa0cf0b7,0.328
3a5e66be4,0.423
cb7de9e02,0.314
5e272b180,0.167
7fb98dd7e,0.516
d94f2e3e7,0.237
8becca99a,0.405
82317f664,0.406
7cfd366f5,0.413
f1a35a9be,0.13
bfd512262,0.565
4ff130a2a,0.156
c2d504696,0.189
b175d60ab,0.444
08936cc05,0.605
153301510,0.163
a40031b95,0.202
acf596791,0.107
c1ff39454,0.544
0708db877,0.163
5eb7443c7,0.518
1428ffe7e,0.139
36b6b879e,0.521
c1f452c27,0.387
d321197bb,0.492
4881f5230,0.512
8d970956b,0.188
95128acdf,0.293
9c5a4b145,0.62
f6d7bd5aa,0.499
884e34dac,0.36
ea603abe2,0.262
327a3ac30,0.487
2a96f26a5,0.257
84be7d7c6,0.5
56c728e29,0.328
e0031eec3,0.251
de503fff1,0.214
77f7946cb,0.264
469571794,0.324
06592b5b2,0.243
d223e9faf,0.458
469414278,0.541
485d6ce4a,0.462
f3c3cbdd4,0.501
d5af3cec2,0.616
098ca64da,0.489
7e0268aea,0.439
f3f222793,0.437
2eff2c596,0.509
7a17d4835,0.416
5f81c20ba,0.32
5a3d7a908,0.689
dbf4b1345,0.59
c22229ea8,0.5
2ff9f4c16,0.466
a70374352,0.143
0303de476,0.26
745d2be9a,0.161
e16c0610b,0.229
436e6a9f1,0.209
5f267deb5,0.347
3e85088a7,0.36
9f0000208,0.374
92d1af055,0.321
e794bb076,0.35
463a9ad26,0.397
c7d9616e3,0.46
49d53d375,0.276
549acdf2b,0.413
4a301781d,0.335
9976d232d,0.521
a6ebeeabd,0.533
a8100370f,0.583
bdae26123,0.61
3f3012fee,0.439
3dc91810c,0.443
47c1c1d72,0.307
d608f77ca,0.385
7d1673442,0.529
4c6b9ce76,0.275
25b8b4d50,0.097
48e49f70b,0.311
a0eb7c6a8,0.552
058539bd0,0.397
f0e6c3cfa,0.271
30a3d79ea,0.426
a4e704bda,0.145
b93e18ca3,0.395
dcdd19b0b,0.213
ba5bd5fb6,0.404
9be65e56b,0.446
365b3dfe5,0.335
d5d0b37db,0.368
074b67ec2,0.033
cdc12f4cc,0.205
20627e11f,0.124
04f02b126,0.168
2db9688ae,0.5
076238985,0.393
c50114583,0.239
1de14fafa,0.373
ec0546c29,0.303
149841eec,0.166
ae9898dfd,0.388
c9834709c,0.215
187f85850,0.351
6180ca07d,0.442
94f3f7849,0.564
a1c6560aa,0.575
f586a464a,0.551
c7b515804,0.434
d140a9b13,0.12
829006a5a,0.522
78ec1825a,0.296
3bd1a696f,0.344
50f790625,0.173
9b66ca3ad,0.42
e7f81ad5c,0.353
538d93905,0.329
359b8a27a,0.358
601b568da,0.392
50872bf50,0.451
842ec4bbe,0.285
6a5fc85cc,0.132
69112b1e5,0.374
b44212a72,0.512
f504a35e1,0.38
f7bd94144,0.444
046059638,0.373
cf256a84c,0.616
f3d192f49,0.49
06c246958,0.437
b1c3920b0,0.446
61b4e2e3f,0.352
250933fc8,0.407
9f6edbb8c,0.394
b11cc2617,0.432
8c450e8f3,0.234
50919a051,0.331
309fd2a0b,0.308
607efc34c,0.396
88dea0091,0.388
8f1dbd49b,0.492
178cc8278,0.318
cff411111,0.507
797e2aa5e,0.393
c64b3227a,0.535
e1c12f4d7,0.442
c6bee67e6,0.513
dbbccb1e0,0.404
2fada4bae,0.384
3a47de7b5,0.234
ae4201300,0.234
6a7a61b8c,0.42
5c588b32e,0.502
41aea7855,0.217
adbcb095e,0.25
34d6c0785,0.111
2f42c0ad2,0.097
819f18c9d,0.173
196d30c9a,0.349
fbe32cae9,0.448
618179bc3,0.422
437c822f1,0.546
6b21cb9bc,0.394
9ad184d4e,0.371
fe4da06ef,0.442
b831fa30c,0.414
402704ef2,0.193
68f1de50b,0.331
fa0224999,0.482
b48364c6f,0.258
86f3f98fa,0.078
b279d98ef,0.366
73c791c26,0.349
fc72d7d6b,0.357
f031c4fdf,0.19
d96d2b52b,0.384
e2eddef44,0.318
e4168ba36,0.322
45e60206b,0.486
8a4ed462c,0.453
1ef95f60f,0.194
47a6aa527,0.455
7449741c3,0.307
24dc5bda4,0.519
a47c98517,0.356
1932064f2,0.26
c46f3bb03,0.458
880feff29,0.386
033ee3b35,0.319
78f4381c8,0.162
8741b2cc2,0.178
6da352736,0.385
5808046af,0.224
b3e88ec7f,0.047
a14c66d12,0.458
1db7f99bc,0.502
c41fbf78d,0.166
efe45118b,0.376
cfb14aad7,0.536
6a40617ef,0.348
09f67b429,0.174
abb35cc95,0.356
a9d1a6dfd,0.113
8d17c2e15,0.174
c10e58596,0.367
8cbeb50c2,0.237
4ec26a042,0.248
53deadf42,0.264
79e34f277,0.377
e008f1cc2,0.475
0d7c8ffc5,0.148
0552678e9,0.284
81b661d67,0.25
4518830bc,0.39
a637964c7,0.406
ed1253304,0.372
32a004c7a,0.505
38adad966,0.237
5e0f9c570,0.369
17f0269c3,0.462
ac3c97959,0.088
a51dadbba,0.11
58c1df9e3,0.316
fe7bbf232,0.132
1ff26db34,0.252
8264b4e84,0.425
7aea6a6d8,0.448
d73da3f6e,0.716
3350e680e,0.237
5c427bbbd,0.492
4b393cb28,0.198
3753ab789,0.487
3fd570f18,0.519
f2589e581,0.436
f193a89c6,0.565
c261a9d39,0.221
139e9d198,0.138
3927c44f1,0.179
329466cab,0.249
98ff9bd18,0.25
15863dd24,0.268
2571bf27c,0.361
70486b721,0.381
e80826775,0.184
c07ad164b,0.284
74ed8bba6,0.528
a3c8f980e,0.231
11feed87f,0.466
e8ee45ee4,0.282
bf455fcb3,0.235
98069385c,0.129
bbc7d11ab,0.205
33b55525d,0.305
6e4400ae9,0.117
cacf485fa,0.154
a8463f72e,0.421
1bdcde33c,0.227
7d8636514,0.096
dadb1a6b3,0.371
e21d3fafa,0.452
b56066c70,0.252
a9abdb21c,0.355
c910d02ca,0.419
cb0203bd4,0.246
80d7c5f14,0.107
9cef5fa38,0.177
7c343683c,0.227
3dc5e9891,0.464
43a36fa14,0.115
4c5df88e2,0.427
ab4574ea8,0.416
f93128a69,0.441
842a87632,0.383
dec6e72bf,0.3
580190a91,0.416
893a2c311,0.639
d4b22b144,0.347
0f6d67efb,0.436
4dcb34e2a,0.399
f79cf232b,0.486
07b2fd920,0.481
7dd97ecfe,0.516
ae3384132,0.114
0bbbc724a,0.239
768735fd6,0.332
930fc2079,0.409
68f0bebe7,0.308
ef1eaf326,0.272
f521d86a5,0.412
f8cbe4ab2,0.136
41706891b,0.253
b0c161d58,0.289
92f11c3c9,0.61
1ce3e4cd7,0.651
944c4186b,0.694
58af3154a,0.664
17656ed15,0.694
79e886cc7,0.606
08800911c,0.138
2df8487c7,0.33
939df27d9,0.327
56ee6d0ad,0.324
d4bf36d4b,0.481
f26cd90d0,0.331
f4ed700fa,0.441
3baa3b163,0.222
6963de9b9,0.222
6c8fa1fba,0.344
e441b5140,0.405
0a27cf19d,0.484
6ff05b0ef,0.556
415838cf0,0.144
b8fa2d646,0.357
c9677c095,0.274
e2b8e93c6,0.162
1ce732cc5,0.574
cf62b409e,0.333
67fa6000b,0.203
60e98bd66,0.369
7e3a1d138,0.219
bc1ec216e,0.243
d95c92af6,0.459
bdad38533,0.412
0b5242b0d,0.356
9d0a2b055,0.384
33782f0e0,0.459
7b988f74c,0.411
79723bf88,0.151
cd753a884,0.277
d1d9609a6,0.17
e84d9ca3e,0.18
c88c17694,0.087
b983ba0d5,0.402
8ec82a3c6,0.082
b98a21937,0.462
12989e8d4,0.541
ed85de329,0.509
7b5e48a8e,0.329
9e3a2bb26,0.135
e7f26dd2a,0.174
1fa3bf58b,0.349
f4e86e265,0.166
a30579c92,0.283
c32912689,0.405
6783f6ecc,0.406
2edf001e3,0.294
2835360ee,0.556
a6cbf7d3d,0.486
8308fc816,0.403
3ca4a01c2,0.282
f415a6480,0.391
50fe82e65,0.518
b88067ffb,0.219
20f7c55ea,0.066
7ea94297b,0.049
fa2e47881,0.125
660e270c0,0.29
c3fb5f2d2,0.457
f008a0b98,0.563
ce82d53f0,0.316
37eec0110,0.261
386e5d4dc,0.399
9fdd40b99,0.15
37241cb2d,0.562
818e0ae98,0.353
f05caca2e,0.224
2dffde45b,0.308
8aa25140f,0.323
638a8f3c5,0.362
8935bd94f,0.343
04978fa5c,0.101
745bd4228,0.08
00c8a5254,0.147
dee83f1f3,0.495
b4baf0258,0.436
05d93f20b,0.432
9746bbe83,0.189
6c8fc6e8f,0.282
45538ddfb,0.341
31dc9cfa4,0.207
dbdbf9296,0.394
55d408cb8,0.294
e07f48907,0.359
f3595ef5a,0.559
bcb02cffb,0.338
c88bcb58e,0.482
5f5642496,0.56
59f2cd37b,0.025
27d302a23,0.024
4abb1867a,0.311
002efc654,0.218
59432e3d6,0.411
96f79176d,0.163
0ed10bc25,0.048
9c32ab9e6,0.393
1c035b151,0.394
078a750ec,0.325
1f8b61164,0.298
171d94554,0.43
61f979555,0.309
5a98c94bf,0.359
17b787e5f,0.304
afa3a8d80,0.376
08206fa96,0.42
113541c60,0.192
279b54c9f,0.315
f5b8c8a12,0.268
79d0931f6,0.334
df615c4f7,0.111
e1c451d2d,0.261
5222034a7,0.406
2864bc6c0,0.423
1c84540d7,0.247
f1a6b293d,0.129
8d9e94432,0.144
1904c9f75,0.261
85f591019,0.371
57126a03c,0.461
6d92c1ff6,0.481
a04dfb55f,0.185
84800ca47,0.146
f14f6d7c5,0.281
1a84ca4a0,0.327
8d34aa54b,0.219
95bc41609,0.346
dda2a6966,0.473
4f983f3ee,0.313
4866e1bc1,0.277
2b5ba8a36,0.264
d741c420e,0.354
06a4ee8e3,0.299
b24df21ac,0.259
b951818f3,0.369
ffc5dccdd,0.375
909f17843,0.353
11f2df8c0,0.531
59895a1d4,0.232
4ac6d89f1,0.253
3ee1cbfb5,0.34
d46b67376,0.354
93aab22af,0.524
a2968f580,0.392
65d4edfaf,0.386
120dde8d1,0.209
c0da8b13d,0.248
2a9efd9a9,0.259
79c81203d,0.216
4ecd78b51,0.27
567447f98,0.369
7d7cbe3da,0.529
79c9fdc2f,0.366
764069c3d,0.224
26f53b03b,0.231
412234a46,0.239
36445ac53,0.287
03c9f5406,0.18
6d84c2251,0.561
d7807e681,0.462
696a7b860,0.464
f2efb0fc2,0.205
5289587e1,0.444
e316eb837,0.509
42fd84c54,0.361
713cb0aeb,0.157
6f5bafcb3,0.412
217699d93,0.457
de91d4747,0.392
03884034e,0.374
04075492e,0.241
370b4fe8d,0.265
c197cb6de,0.417
eb31928f8,0.358
5ddd23d0e,0.447
76b0d23ac,0.174
12c5cbfa0,0.229
4a4967dc8,0.271
1e1525298,0.242
3cbf7d95d,0.426
ca1098b68,0.406
39d0430f9,0.486
8241db7f9,0.463
9b1db3b0d,0.256
0df15f0ee,0.412
536b25e82,0.153
72ecffbed,0.37
c7e320b22,0.25
5f5370250,0.618
3e303fd0a,0.151
195ae4d90,0.473
579e1ce6c,0.2
a476cc2a2,0.305
edc42eeff,0.183
06be5a37d,0.156
8b7117ef9,0.408
6f8ac5065,0.138
9f5592d4b,0.167
9719a4bc2,0.298
f0666c642,0.347
6ecbc3033,0.667
bbae08267,0.139
aa8372dff,0.393
17211245e,0.352
dca8e7ec8,0.533
1526fc621,0.488
15c8f8935,0.254
57feefcf0,0.19
5d44638bb,0.152
25415c79d,0.305
a2f04c0f7,0.355
a07ede5f6,0.483
5c458363b,0.247
e94e488a9,0.488
0f225be32,0.233
7b55fa473,0.559
5a561603f,0.397
142cddef4,0.32
d49c7fc09,0.081
20bdaaa94,0.275
f7eb097e1,0.542
0b7b6d9c1,0.444
b7f06c863,0.324
ea09c82a3,0.315
48302faf9,0.366
f89d30151,0.175
6a15f54c1,0.165
0668b4926,0.118
1d5524b77,0.603
589eff838,0.439
ddae84735,0.328
b8fd6a701,0.039
c286ae17e,0.435
b597dc10d,0.486
5288df192,0.242
03193ad4e,0.166
a99c10f75,0.616
af1df99b8,0.157
af6ce458d,0.243
cb93f7764,0.172
c60f9ef7d,0.362
138228197,0.59
1a88c3ed0,0.378
a4b2866af,0.387
9247d935e,0.334
07c7ad4a5,0.085
2c9f73d55,0.269
f8f0cfa62,0.446
11885e103,0.378
3c88f00b0,0.404
8aa79a9ae,0.141
672870193,0.39
aebcd204c,0.281
5e994e6de,0.38
f165ea771,0.54
5b8c45f0c,0.215
65d41686a,0.456
2550ca216,0.189
5fe29c2d4,0.317
6087ade71,0.352
9646d895b,0.412
649899b38,0.38
6767354cd,0.424
0c25626fd,0.416
b10be6346,0.464
f59e738de,0.34
5fa68411b,0.22
e7252c4ee,0.253
c7ea2f356,0.155
e4d8e2cad,0.525
8b39bdfea,0.467
192f5b9c8,0.57
e321e9619,0.308
41a75d283,0.169
44ba20fa9,0.398
ea330435b,0.202
2a4074285,0.209
3d9e5f868,0.163
6dc1c0018,0.348
542af6f78,0.398
148833e93,0.321
e9cc586d2,0.205
868b30899,0.22
d57771a2b,0.09
6a5fb976d,0.401
d7c605337,0.199
2f9fbcf53,0.483
bda97efe4,0.29
90af27318,0.467
e597a9504,0.189
3bb0e0576,0.113
9ba2dfcab,0.208
39f7260a4,0.398
bd348bdea,0.414
a3f81690b,0.454
d64e3a002,0.511
6004585d7,0.134
511ee73a8,0.335
34eb88de0,0.271
16431776a,0.271
354ad677f,0.477
0872f893a,0.403
77429ca16,0.21
eb43bfd87,0.393
074487b2c,0.457
85b2d0193,0.465
6c0f41257,0.342
632c3bffd,0.302
696b608b8,0.472
fcec8dd3e,0.086
1b5e097c9,0.126
b79af4a4a,0.204
0ccbcf2b0,0.295
141aed83f,0.381
dcb65c540,0.457
e8ab9d3bd,0.434
6240b64c3,0.446
e50d0a67b,0.284
27d8bba63,0.305
1fe9b67e5,0.202
8b1140cab,0.4
e38ecd527,0.309
e0d18a007,0.299
39f01e829,0.415
8c841f023,0.417
d8c70bc6c,0.371
58b99e166,0.353
96ce6f4a8,0.321
e6d1ea8a7,0.335
2aa43dabd,0.489
99cd3d74e,0.244
86ee9f32f,0.158
5af74be59,0.463
1a5334fb0,0.242
acc8f0372,0.201
84c7efd3d,0.228
17bc2100b,0.313
f764e80d0,0.267
29da21a92,0.383
28d5aa3c7,0.538
f8efa9a08,0.544
835babbf8,0.196
b01c74871,0.173
2c39ce6a5,0.418
fe3cdfc6e,0.415
276022cac,0.153
1803142d3,0.16
15aa99ed3,0.485
9689c2ce6,0.358
50309182e,0.332
a98e7398d,0.502
317e30302,0.405
66e2210dc,0.394
b5b619667,0.431
ebcaa9c20,0.473
8f2b809a0,0.408
2e6e64c39,0.121
c4adfc9a5,0.324
c31b38a7d,0.245
f99cd03b2,0.307
a4e656a52,0.365
fc7213f19,0.537
fe90ce601,0.258
ddc481283,0.179
b27f59dba,0.207
7835ec638,0.168
055e6b68e,0.566
edbd2aefd,0.102
634990551,0.193
7fa306eb1,0.182
1bf2c57ac,0.055
2d7ae4a37,0.172
83ea43422,0.433
5992ab728,0.19
7791a7bb5,0.231
1b5167d86,0.346
782200e7b,0.228
f3cb7653e,0.149
4e0eeab08,0.447
ade5e46bc,0.257
15a45ff6b,0.124
bdda2f67c,0.595
ef5b7fd86,0.294
30148cda8,0.113
04109f4bb,0.256
bbe1feff9,0.57
50aad8ba1,0.499
23ede6767,0.199
c6cb5b8f0,0.291
df551942c,0.364
4967721ea,0.276
67889f775,0.421
9c4036fbe,0.519
394110038,0.359
7e60bb943,0.336
80380a36a,0.384
760432bfc,0.435
db06ea8e6,0.401
bb61d0643,0.282
28827dfdc,0.534
63215f3a2,0.396
996c0bb25,0.206
bea2534d3,0.452
fe0df7f68,0.473
c778ea892,0.173
1defc9276,0.352
446141be2,0.292
8c23d699b,0.221
693b37f08,0.104
f3f934d64,0.306
31198cb23,0.344
8f032b749,0.295
05ad15116,0.416
5daebea1b,0.316
d9f9cba10,0.243
d5890f7ed,0.533
e19b3715d,0.224
b06caed1e,0.348
bc1b18dd9,0.177
fdbaf8057,0.061
28d5ac2cd,0.349
e98ba5408,0.22
61acd419c,0.226
2c7898e5e,0.341
94a25d5df,0.302
589be847f,0.29
7f1c432b5,0.279
41f16e3c4,0.48
7c30bce68,0.377
49b955c82,0.379
56968d159,0.483
e873c1fbf,0.183
05e0673ef,0.381
23e429b3f,0.18
86b3c060a,0.174
1141726af,0.376
94ffdf699,0.284
5829cd149,0.355
a081c176e,0.475
69a6541ea,0.504
55cfab38a,0.189
f734c3ec0,0.336
5abad9f6a,0.483
5523bbf0e,0.504
ce495cd71,0.534
6a8816e22,0.132
216e877d0,0.38
264dc373b,0.534
e3e542f2e,0.207
df5c256a4,0.248
61dd5b10e,0.31
8f8a0c255,0.375
918352f14,0.463
7c4db8441,0.203
821a4c853,0.385
be0ad7e94,0.167
5945e7484,0.321
284d4dd1f,0.293
6a73ddcb1,0.124
19653e9f4,0.307
e14bf9875,0.512
90b887774,0.494
4a5f31a13,0.333
5ac194c70,0.562
d85728f92,0.27
4fa94b6c0,0.375
052225ae9,0.357
779c9537b,0.241
a1940823a,0.274
57d3a857e,0.496
7739949aa,0.559
fafff856b,0.364
8a837d244,0.264
6722b9705,0.174
db6c077d0,0.449
acbd61638,0.018
b7487278a,0.266
72686278a,0.393
9f4caca0f,0.225
51029793e,0.439
0705701d9,0.314
9c8a01226,0.145
66fd6705a,0.204
e4a715be4,0.346
57a0b3def,0.142
7c9f999a0,0.233
47ebd0e43,0.523
d2553fbf5,0.592
afe8eca60,0.45
31822feba,0.365
4beab1c3c,0.141
ea6d84c73,0.233
e7197c3e4,0.551
34a2402b3,0.503
ae57f8d52,0.091
83432904d,0.155
fd80b8c80,0.27
